geo_prov,indicator,avg_value,min_value,max_value
GP,ANC 1st visit coverage,84.87,60.3,110.0
MP,ANC 1st visit coverage,80.53,56.3,102.9
WC,ANC 1st visit coverage,79.85,63.3,103.8
NC,ANC 1st visit coverage,75.85,55.7,94.9
LP,ANC 1st visit coverage,73.12,58.2,89.7
NW,ANC 1st visit coverage,70.71,55.5,98.1
KZ,ANC 1st visit coverage,70.45,46.7,92.1
FS,ANC 1st visit coverage,67.24,51.6,82.1
EC,ANC 1st visit coverage,61.92,36.6,97.7
WC,Antenatal 1st visit before 20 weeks rate,75.31,63.8,81.1
KZ,Antenatal 1st visit before 20 weeks rate,73.38,58.6,89.3
MP,Antenatal 1st visit before 20 weeks rate,72.61,55.9,83.8
NW,Antenatal 1st visit before 20 weeks rate,69.05,56.4,78.6
GP,Antenatal 1st visit before 20 weeks rate,66.11,52.2,75.2
FS,Antenatal 1st visit before 20 weeks rate,65.74,57.1,78.7
LP,Antenatal 1st visit before 20 weeks rate,65.24,56.5,73.5
NC,Antenatal 1st visit before 20 weeks rate,64.24,47.7,76.7
EC,Antenatal 1st visit before 20 weeks rate,64.18,42.8,75.8
GP,Immunisation coverage under 1 year,87.64,68.6,101.2
KZ,Immunisation coverage under 1 year,87.55,66.9,110.0
MP,Immunisation coverage under 1 year,85.17,49.2,105.0
WC,Immunisation coverage under 1 year,77.02,59.3,92.4
EC,Immunisation coverage under 1 year,69.82,49.0,95.0
NW,Immunisation coverage under 1 year,69.43,53.0,86.5
FS,Immunisation coverage under 1 year,68.23,56.3,75.7
NC,Immunisation coverage under 1 year,67.89,53.5,88.8
LP,Immunisation coverage under 1 year,61.31,42.4,75.3
FS,Maternal mortality in facility ratio,133.6,0.0,229.9
NW,Maternal mortality in facility ratio,119.16,47.5,226.1
GP,Maternal mortality in facility ratio,114.72,63.7,156.4
LP,Maternal mortality in facility ratio,113.86,50.4,307.6
MP,Maternal mortality in facility ratio,111.82,47.4,176.4
EC,Maternal mortality in facility ratio,103.74,0.0,231.5
KZ,Maternal mortality in facility ratio,91.82,24.0,223.7
NC,Maternal mortality in facility ratio,88.03,0.0,250.7
WC,Maternal mortality in facility ratio,62.32,0.0,214.4
