geo_prov,year,avg_anc_coverage,yoy_change
EC,2015/16,59.1,
EC,2016/17,59.83,0.73
EC,2017/18,62.61,2.79
EC,2018/19,68.05,5.44
EC,2019/20,69.88,1.83
EC,2020/21,68.64,-1.24
EC,2021/22,64.33,-4.31
EC,2022/23,61.53,-2.8
EC,2023/24,56.01,-5.51
EC,2024/25,49.26,-6.75
FS,2015/16,65.68,
FS,2016/17,68.86,3.18
FS,2017/18,69.86,1.0
FS,2018/19,73.38,3.52
FS,2019/20,73.7,0.32
FS,2020/21,72.36,-1.34
FS,2021/22,69.14,-3.22
FS,2022/23,66.52,-2.62
FS,2023/24,59.22,-7.3
FS,2024/25,53.66,-5.56
GP,2015/16,85.66,
GP,2016/17,90.7,5.04
GP,2017/18,92.24,1.54
GP,2018/19,93.66,1.42
GP,2019/20,92.14,-1.52
GP,2020/21,88.02,-4.12
GP,2021/22,86.06,-1.96
GP,2022/23,78.0,-8.06
GP,2023/24,72.44,-5.56
GP,2024/25,69.78,-2.66
KZ,2015/16,71.64,
KZ,2016/17,71.75,0.12
KZ,2017/18,73.62,1.86
KZ,2018/19,75.65,2.03
KZ,2019/20,74.55,-1.1
KZ,2020/21,76.12,1.57
KZ,2021/22,74.15,-1.96
KZ,2022/23,70.87,-3.28
KZ,2023/24,60.11,-10.76
KZ,2024/25,56.09,-4.02
LP,2015/16,72.08,
LP,2016/17,75.88,3.8
LP,2017/18,77.18,1.3
LP,2018/19,77.54,0.36
LP,2019/20,81.28,3.74
LP,2020/21,82.74,1.46
LP,2021/22,73.78,-8.96
LP,2022/23,67.98,-5.8
LP,2023/24,62.4,-5.58
LP,2024/25,60.3,-2.1
MP,2015/16,76.33,
MP,2016/17,74.67,-1.67
MP,2017/18,88.97,14.3
MP,2018/19,84.63,-4.33
MP,2019/20,86.5,1.87
MP,2020/21,97.33,10.83
MP,2021/22,87.07,-10.27
MP,2022/23,76.57,-10.5
MP,2023/24,69.7,-6.87
MP,2024/25,63.57,-6.13
NC,2015/16,68.5,
NC,2016/17,73.34,4.84
NC,2017/18,74.94,1.6
NC,2018/19,80.34,5.4
NC,2019/20,78.94,-1.4
NC,2020/21,81.3,2.36
NC,2021/22,79.62,-1.68
NC,2022/23,80.08,0.46
NC,2023/24,75.44,-4.64
NC,2024/25,66.04,-9.4
NW,2015/16,71.1,
NW,2016/17,72.53,1.42
NW,2017/18,77.5,4.97
NW,2018/19,74.95,-2.55
NW,2019/20,75.4,0.45
NW,2020/21,75.18,-0.23
NW,2021/22,71.5,-3.67
NW,2022/23,68.38,-3.13
NW,2023/24,63.0,-5.38
NW,2024/25,57.55,-5.45
WC,2015/16,71.13,
WC,2016/17,77.7,6.57
WC,2017/18,80.98,3.28
WC,2018/19,82.92,1.93
WC,2019/20,89.3,6.38
WC,2020/21,84.0,-5.3
WC,2021/22,81.65,-2.35
WC,2022/23,79.37,-2.28
WC,2023/24,74.85,-4.52
WC,2024/25,76.62,1.77
