geo_prov,geo_area,avg_anc_coverage,national_rank
GP,Johannesburg MM: JHB,98.2,1
WC,Overberg DM: DC3,91.16,2
GP,City of Ekurhuleni MM: EKU,87.29,3
NC,JT Gaetsewe DM: DC45,86.11,4
GP,West Rand DM: DC48,85.73,5
WC,West Coast DM: DC1,83.35,6
KZ,eThekwini MM: ETH,83.35,7
MP,Ehlanzeni DM: DC32,81.84,8
MP,Nkangala DM: DC31,81.43,9
GP,Tshwane MM: TSH,80.47,10
LP,Waterberg DM: DC36,80.11,11
WC,Garden Route DM: DC4,79.86,12
NW,Bojanala Platinum DM: DC37,79.16,13
WC,Cape Winelands DM: DC2,78.54,14
MP,G Sibande DM: DC30,78.33,15
KZ,uMkhanyakude DM: DC27,76.32,16
NC,Frances Baard DM: DC9,76.14,17
WC,Cape Town MM: CPT,75.8,18
LP,Mopani DM: DC33,75.27,19
NC,ZF Mgcawu DM: DC8,75.2,20
EC,Buffalo City MM: BUF,72.93,21
KZ,King Cetshwayo DM: DC28,72.85,22
EC,Sarah Baartman DM: DC10,72.84,23
FS,Lejweleputswa DM: DC18,72.81,24
GP,Sedibeng DM: DC42,72.66,25
KZ,iLembe DM: DC29,72.04,26
KZ,uMgungundlovu DM: DC22,72.03,27
NC,Pixley Ka Seme DM: DC7,71.93,28
LP,Sekhukhune DM: DC47,71.69,29
NW,RS Mompati DM: DC39,70.43,30
WC,Central Karoo DM: DC5,70.4,31
LP,Vhembe DM: DC34,70.32,32
NC,Namakwa DM: DC6,69.89,33
LP,Capricorn DM: DC35,68.19,34
EC,OR Tambo DM: DC15,67.98,35
KZ,Harry Gwala DM: DC43,67.72,36
FS,Mangaung MM: MAN,67.22,37
NW,Dr K Kaunda DM: DC40,67.17,38
KZ,Amajuba DM: DC25,66.89,39
FS,T Mofutsanyana DM: DC19,66.78,40
KZ,Zululand DM: DC26,66.55,41
KZ,uThukela DM: DC23,66.24,42
NW,NM Molema DM: DC38,66.07,43
KZ,Ugu DM: DC21,65.81,44
FS,Fezile Dabi DM: DC20,65.28,45
KZ,uMzinyathi DM: DC24,65.2,46
FS,Xhariep DM: DC16,64.1,47
EC,N Mandela Bay MM: NMA,63.94,48
EC,C Hani DM: DC13,57.77,49
EC,A Nzo DM: DC44,54.76,50
EC,Joe Gqabi DM: DC14,52.89,51
EC,Amathole DM: DC12,52.27,52
