province_code,province_name,avg_anc_coverage,avg_phc_expenditure,total_audited_spend,total_budget_2025_26,spend_utilisation_pct
GP,Gauteng,84.87,1678.3,39758385.0,22756387.0,174.71
MP,Mpumalanga,80.53,1344.57,21169231.0,11779259.0,179.72
WC,Western Cape,79.85,1669.95,24192394.0,13219549.0,183.0
NC,Northern Cape,75.85,1760.84,5715659.0,3100177.0,184.37
LP,Limpopo,73.12,1369.01,31279514.0,17277371.0,181.04
NW,North West,70.71,1662.87,15692991.0,8493335.0,184.77
KZ,KwaZulu-Natal,70.45,1831.13,54582981.0,28792022.0,189.58
FS,Free State,67.24,1695.03,11825475.0,6279932.0,188.31
EC,Eastern Cape,61.92,1427.96,30695412.0,15773326.0,194.6
