location,period,under5_mortality_rate
Ghana,2024,35.9
Ghana,2023,37.2
Ghana,2022,38.6
Ghana,2021,40.3
Ghana,2020,42.2
Ghana,2019,44.1
Ghana,2018,46.1
Ghana,2017,48.2
Ghana,2016,50.3
Ghana,2015,52.5
Kenya,2024,38.8
Kenya,2023,39.6
Kenya,2022,40.5
Kenya,2021,41.3
Kenya,2020,42.1
Kenya,2019,42.7
Kenya,2018,43.7
Kenya,2017,44.7
Kenya,2016,45.5
Kenya,2015,46.8
Nigeria,2024,115.6
Nigeria,2023,116.8
Nigeria,2022,117.5
Nigeria,2021,117.6
Nigeria,2020,117.4
Nigeria,2019,117.4
Nigeria,2018,117.2
Nigeria,2017,117.2
Nigeria,2016,117.4
Nigeria,2015,117.8
South Africa,2024,35.1
South Africa,2023,34.8
South Africa,2022,34.3
South Africa,2021,34.0
South Africa,2020,33.9
South Africa,2019,34.3
South Africa,2018,34.9
South Africa,2017,35.7
South Africa,2016,36.8
South Africa,2015,38.2
Brazil,2024,14.2
Brazil,2023,14.4
Brazil,2022,14.6
Brazil,2021,14.7
Brazil,2020,14.9
Brazil,2019,15.0
Brazil,2018,15.2
Brazil,2017,15.4
Brazil,2016,16.8
Brazil,2015,16.0
Egypt,2024,22.4
Egypt,2023,22.9
Egypt,2022,23.5
Egypt,2021,24.0
Egypt,2020,24.4
Egypt,2019,24.8
Egypt,2018,25.2
Egypt,2017,25.6
Egypt,2016,26.0
Egypt,2015,26.5
India,2024,26.6
India,2023,28.0
India,2022,29.5
India,2021,31.2
India,2020,33.0
India,2019,34.9
India,2018,36.9
India,2017,39.0
India,2016,41.3
India,2015,43.7
Indonesia,2024,17.7
Indonesia,2023,18.4
Indonesia,2022,19.1
Indonesia,2021,19.9
Indonesia,2020,20.8
Indonesia,2019,21.8
Indonesia,2018,22.8
Indonesia,2017,23.8
Indonesia,2016,25.0
Indonesia,2015,26.1
