location,period,nurses_per_10000
Ghana,2024,41.72
Ghana,2023,41.1
Ghana,2022,44.67
Ghana,2021,34.53
Ghana,2020,30.04
Ghana,2019,26.38
Ghana,2018,44.23
Ghana,2017,22.71
Ghana,2016,20.53
Ghana,2015,19.43
Kenya,2024,12.12
Kenya,2023,12.52
Kenya,2022,11.39
Kenya,2021,6.5
Kenya,2020,5.9
Kenya,2018,11.93
Kenya,2017,10.81
Kenya,2016,10.56
Kenya,2015,8.8
Nigeria,2024,11.52
Nigeria,2022,16.47
Nigeria,2021,11.05
Nigeria,2020,3.94
Nigeria,2019,10.72
Nigeria,2016,16.7
South Africa,2024,41.54
South Africa,2023,42.54
South Africa,2022,43.7
South Africa,2021,44.94
South Africa,2020,46.27
South Africa,2019,47.8
South Africa,2018,48.74
South Africa,2017,49.81
South Africa,2016,50.43
South Africa,2015,49.12
Brazil,2024,58.32
Brazil,2023,55.02
Brazil,2021,56.38
Brazil,2019,43.21
Brazil,2018,102.84
Brazil,2017,98.86
Brazil,2016,94.87
Brazil,2015,92.34
Egypt,2021,19.5
Egypt,2020,20.65
Egypt,2019,21.15
Egypt,2018,17.94
Egypt,2017,17.92
Egypt,2016,17.89
Egypt,2015,18.02
India,2024,27.15
India,2023,26.57
India,2022,25.35
India,2021,24.85
India,2020,23.27
India,2018,17.0
India,2017,21.82
India,2016,21.42
India,2015,20.92
Indonesia,2024,33.0
Indonesia,2023,32.4
Indonesia,2022,41.23
Indonesia,2021,40.52
Indonesia,2020,39.35
Indonesia,2019,37.81
Indonesia,2018,30.89
Indonesia,2017,12.92
Indonesia,2016,11.93
Indonesia,2015,12.82
