location,period,maternal_mortality_ratio,maternal_deaths
Brazil,2023,67,1741
Brazil,2022,104,2745
Brazil,2021,128,3421
Brazil,2020,85,2302
Brazil,2019,65,1817
Brazil,2018,62,1801
Brazil,2017,61,1764
Brazil,2016,64,1830
Brazil,2015,63,1864
Egypt,2023,17,408
Egypt,2022,24,571
Egypt,2021,42,979
Egypt,2020,31,751
Egypt,2019,19,458
Egypt,2018,20,500
Egypt,2017,21,578
Egypt,2016,23,613
Egypt,2015,24,682
Ghana,2023,234,2083
Ghana,2022,239,2108
Ghana,2021,264,2320
Ghana,2020,253,2211
Ghana,2019,260,2265
Ghana,2018,276,2397
Ghana,2017,287,2490
Ghana,2016,296,2623
Ghana,2015,310,2771
India,2023,80,18
India,2022,90,20
India,2021,155,36
India,2020,101,23
India,2019,101,24
India,2018,107,26
India,2017,113,27
India,2016,121,30
India,2015,129,32
Indonesia,2023,140,6298
Indonesia,2022,148,6698
Indonesia,2021,226,10
Indonesia,2020,184,8451
Indonesia,2019,161,7427
Indonesia,2018,168,7781
Indonesia,2017,173,8118
Indonesia,2016,182,8724
Indonesia,2015,190,9246
Kenya,2023,379,5682
Kenya,2022,388,5762
Kenya,2021,421,6184
Kenya,2020,421,6110
Kenya,2019,415,5996
Kenya,2018,428,6240
Kenya,2017,428,6227
Kenya,2016,441,6411
Kenya,2015,453,6599
Nigeria,2023,993,74
Nigeria,2022,1016,75
Nigeria,2021,1046,76
Nigeria,2020,1065,76
Nigeria,2019,1091,79
Nigeria,2018,1118,81
Nigeria,2017,1142,83
Nigeria,2016,1155,85
Nigeria,2015,1168,86
South Africa,2023,118,1395
South Africa,2022,129,1538
South Africa,2021,191,2276
South Africa,2020,118,1398
South Africa,2019,119,1402
South Africa,2018,128,1484
South Africa,2017,134,1544
South Africa,2016,141,1638
South Africa,2015,150,1792
